userId,name,email,passwordHash,age,income,creditCardLimit,financialGoals,address,phone,accountCreationDate
190bf617-2257-4e16-8b5b-6ff1f61d6c91,Richard Thomas,aliciagomez@example.net,uP*QE0!pt*,40,1249699.04,156595.75,Over certain at newspaper rate possible remember.,"USCGC Barrera
FPO AA 71670",395.912.6166x09594,2023-01-24
bc9c2530-33cc-4797-8291-e551e3b45127,Mark Fletcher,wilsonheather@example.net,v%0mRe)Mij,35,471042.26,48541.33,Behind baby blood knowledge sport western.,"2126 Brandon Point
Martinshire, IA 60915",001-764-852-9305x94038,2021-02-21
5bb3e7c1-df75-404d-a7c0-2c0c247fecfb,Holly Garcia,nmartinez@example.net,%@h7V#+kqk,46,1156667.43,286148.68,Meet morning soldier wear environment business.,"92127 Tom Villages
Port Eric, GU 03278",9422866635,2022-02-17
e6144975-b401-45f8-9861-b73646ab90ec,Maurice Stewart,jessica63@example.org,xl&)2WohLc,50,2334745.29,460981.96,Him energy fine career hand identify start.,"745 Marilyn Circles
North Emilyville, UT 85167",226-975-8477x43638,2024-04-10
4de80161-696c-420f-91f8-e9e0c0437cc5,Ryan Lopez,juliemiller@example.com,M6@^*Vpg#),32,2134928.04,242047.59,Throw early test finish million rich win quality.,"96906 Jones Plaza
East Ericville, MD 06237",752-692-1030,2020-08-09
4edce58d-cdec-44c8-9070-502b5c055e4d,Janet Williams,jessica60@example.org,Km4ryFkm$0,46,2991044.97,534549.97,During hot debate indicate affect your class.,"18696 Ingram Shores Suite 286
Kellyborough, MT 39889",001-379-418-1752,2021-02-23
d9057d04-24f3-451c-b033-622711fc110b,Tina Reed,lindsey50@example.net,m4WQzfju*7,46,1137776.47,222362.29,Should moment free why trip return answer.,"4454 Whitney Manors
Dickersonshire, MH 58747",+1-405-304-2224x690,2023-09-15
c5f405d7-4101-4f2e-90bc-bf04ea5b94cc,Katherine Stokes,sdickerson@example.net,#6ULi(d^WM,21,951195.23,253783.63,Current who control weight month.,"270 Gregory Course Apt. 318
New Julie, NM 73662",(589)353-0287x31757,2021-08-31
f9d9db33-6cc2-4ccb-9c2f-191d33596843,John Brown,ruizmatthew@example.net,$(54NZ#jFm,26,760808.23,138568.07,Project toward economic left space.,"7815 Aguirre Gardens Suite 323
Elizabethland, PR 43462",7836597773,2022-04-07
71e75605-24a5-4fdd-ad1f-009af10e09f1,Rebecca Castro,david57@example.net,%0XWMilyqa,66,2973494.24,446724.14,Anything article much marriage hotel look can.,"10711 Nicholas Junctions
West Danielmouth, FM 80736",001-482-688-0603x0696,2020-04-17
9a8e3792-d7ca-4a85-a5b5-c0bc459ce937,Tanya Rojas,icrawford@example.com,_PzVmKtf5q,39,2066468.15,596389.78,Identify raise day Congress against different attorney.,"764 Mullins Plains Apt. 046
South Dawn, WY 78463",5266703732,2024-04-02
defa5608-808f-4648-81a3-0004d4dbba91,Samantha Pena,emoore@example.org,AMTxT)Cr#9,31,249094.46,60878.92,Pass indeed spring.,"87648 Harris Plains
North Anthony, ID 39089",+1-362-988-9970x6501,2020-07-07
a70a08b7-3ece-4124-801b-7b9a9cc92190,Pamela Lewis,brian30@example.net,u%52kO7aKz,36,400876.35,83726.2,Arm bar husband myself behind gun street.,"88755 Johnson Meadows
East Kristinmouth, LA 48711",(917)393-7630x899,2023-01-21
b97c10ba-1c51-44dc-9678-5d4c57f616c1,Melissa Moss MD,lucasrachel@example.org,$wO+&9SsC*,23,2099741.21,561180.07,Magazine popular where mention case about mean.,"18961 Watson Dam Suite 794
Campbellshire, OR 30602",670-673-0158x90512,2022-04-21
b3e8ef0b-3748-4e0e-97cf-5e2d3a68ad6c,Timothy Bell,bgoodman@example.org,+mJ2N6mcgL,24,826136.81,129780.81,Network professional yard might result throughout.,"USS Montgomery
FPO AA 41915",261.620.6721,2020-09-30
641ac218-1ae6-4082-ba2b-054bf4ea74bb,Barbara Jordan,millerrichard@example.com,(IcPuzrh*8,64,1912983.33,435994.6,Hot might short specific push together professor cold.,"0581 Ray Pike
New Randy, UT 34759",605.678.7645,2024-02-02
99d880b1-34a3-4fa8-9a60-6a5cdcae16f2,Holly Williams,robinmiller@example.com,eaDejEVn&7,44,2738193.2,576645.86,Travel yet start south.,"8407 Brown Hollow
North Andrew, IN 48636",(890)566-8135x519,2021-02-18
aef1673f-a395-4176-9e8d-2b007505472d,Tyler Evans,romerojason@example.com,^K31YvRzBX,20,2105885.43,587303.86,Design decision right company base answer with let.,"621 Miller Knoll Suite 222
East Tom, UT 07563",001-930-320-6386x68372,2024-03-23
9276e444-a1d0-40fc-b311-090bb74ae119,Thomas Dean,baileysamantha@example.org,%S2LwdS_Ny,54,1209064.09,176336.87,Attorney his before among energy.,"254 Steven Unions
North Johnathan, RI 86484",(204)892-9650,2020-09-26
f4ecf8cc-a672-4bf9-836b-929c669174e8,Stephen Oneal,nwhitaker@example.net,&tvpWvPcU7,35,2031949.14,524118.56,Office minute at move young race network.,"49363 Denise Orchard Suite 954
Vincentland, MH 12662",+1-558-739-3602x5766,2020-02-10
b86e293e-1b67-44ea-b8cc-6a02a55b8fae,Megan Douglas,amanda36@example.org,V5t6VCYn@j,33,309632.81,50594.93,Chair machine possible cold detail.,"57932 Miller Crossing
East Nicholasville, PR 38780",(755)914-5573x10618,2020-09-04
54df58db-4214-4af6-bb12-bade7cf6c82b,Mark Garcia,joshua57@example.net,f1X9pTdZ^R,31,2055451.76,595900.88,Decade he argue network.,"7297 Ware Port
Port Christophertown, AZ 29861",001-927-526-3968x46825,2022-02-16
819262a7-6b2e-4d9e-a52d-08859f44bb5a,Roger Kerr,catherine95@example.org,PYbL0PTe1*,60,1628236.68,248337.82,Computer no indicate give material.,"67530 King Orchard Suite 787
Port Jacobland, AL 62210",537.387.1315,2023-10-18
1a997eb9-7614-44ab-9ed6-12a33063bedd,Devin Brewer,tingram@example.org,p3QaWrOz+q,70,1150509.17,139648.31,Yet attorney attention bar almost political person according.,"3079 Jennifer Valley
Marciabury, WV 59079",001-676-545-7121x60277,2023-10-16
d7bfe098-af35-4df1-af23-cc3fe647d088,Lisa Le,bradleystephanie@example.net,DhLd8Yeqx%,28,1285476.42,162097.42,Score could beautiful let.,"272 Cook Road
Stephenport, NM 02576",834-252-8989x9946,2023-01-08
6d954107-88bd-4a90-bc12-0398a912c781,Mr. Joseph Gray,sheaallison@example.net,(3AXHxa$!f,45,2907937.68,508369.3,Wife certain physical nature smile type.,"Unit 4218 Box 4970
DPO AP 34902",+1-816-867-3751x65042,2022-02-26
a1786f0a-177e-4fbd-b25b-54f6d8f3f033,Amy Aguilar,omiranda@example.com,$P$I2PLc^E,23,1812611.66,183581.89,Group apply really adult ability.,"086 Nelson Turnpike
Andreamouth, NV 19960",262.888.8015x3694,2023-06-30
01df00f7-b65e-4ffe-b5ef-053308ce5945,Christopher Jacobs,lambertmelissa@example.com,H#1*NP@Uat,29,922786.39,227964.26,Fill no company may agency.,"70583 Garcia Via
West Jeremiah, KS 97992",913.504.1416x1408,2020-12-22
f0fb2582-409e-4db9-b573-dd75faef2d8d,Heather Smith,tanya26@example.com,!6oCptt2Ev,65,1240201.65,333747.89,Chair teacher step catch.,"16635 Yolanda Ridge Apt. 154
Powellport, MD 73142",(229)842-1812x4533,2023-08-18
24ae538e-c26b-400b-a69b-468f73907317,Robert Johnson,jason90@example.com,FK_6XVCi*g,49,2364451.79,564295.53,Account analysis best.,"69434 Robert Mountain
North Danielmouth, NY 64118",(730)535-0204x7984,2023-06-22
d196581a-0e2f-430b-997c-8edf2f5c588a,Leon Diaz,justinbass@example.com,_yBc0C*L1E,58,423725.51,91294.05,Up democratic miss wish to machine we suffer.,"50652 Johnson Dam
East Steventown, TX 84364",001-996-750-6011x268,2021-09-07
b6519475-936b-4e41-8a61-1fc232b0d440,Alvin Roberson,samanthaallen@example.net,V5VlXk8Y!z,24,807541.29,222767.86,Service task realize campaign despite learn.,"USNV Morgan
FPO AA 21742",499-269-1468,2022-05-03
48838400-025b-479f-9719-f3e0e6ff3c83,Barbara Herrera,catherineharris@example.com,*JNATVZvG2,39,1900771.53,561498.49,Enter piece follow attention smile.,"6156 Bond River
Marshallborough, VT 12900",559-210-1574x921,2022-02-15
199b811d-6d5e-46d2-b0d5-6cab84891b9a,Dillon Meyer,thompsonjoseph@example.org,$iZvLTCue7,66,503117.59,144597.0,Test method PM rule firm.,"44902 Dylan Road
Elizabethborough, MT 16913",417-531-6883x02447,2022-03-21
4f89ab88-41dd-4e52-9515-8cd1521fc5ac,Michelle Ray,cherrykayla@example.net,Z%4yxC!k*_,25,1197484.58,209878.37,Country price vote region suggest.,"3613 Parrish Falls Suite 283
Collinsbury, MP 94568",359-689-0237,2020-04-03
e5442883-31e5-47b0-bf8b-d3a3977d73e3,Morgan Robinson,donaldhart@example.net,pM8$MFEto&,41,1598749.66,282062.45,Health instead minute reveal chance low week.,"044 Jason Haven
Port Christopherfort, NV 92035",+1-314-291-6145x8032,2020-10-31
b897f93e-6d4e-4ebe-910b-bfedf89d211a,Lori Richardson,zmartin@example.org,^4XgIzzRWV,39,279076.83,29603.04,Close example question make threat every for.,"655 Justin Turnpike Suite 971
Candiceton, NV 86092",649-339-5872x788,2020-12-18
b05566ac-2b5c-4dca-9af2-1d7324c80c0b,Stephen Graves,melissa45@example.com,%Vy9IJj_(O,38,733570.06,73473.14,We firm rule design key court concern.,"31130 Nicole Brooks
New Juanfurt, OH 28495",001-383-600-8015x4380,2022-06-19
b2473b6d-363e-4886-82f1-2ad40f9eb73c,Timothy Palmer,dawnbennett@example.org,^Cl)6%Vp6),28,1963316.81,581999.3,Answer daughter way beautiful usually but.,"421 Virginia Valley Suite 421
South Gabriella, MO 93673",001-407-654-5992,2020-04-03
6d42c294-f724-4171-a90c-6c79d0ffeb8e,Jonathan Johnston,mckenzieanthony@example.org,!17hLSKesQ,32,2961572.15,368796.0,Player mouth everybody professional picture.,"6087 Acosta Ferry
New Laurenville, PR 74248",001-338-249-5488x22110,2023-11-11
64697daa-8e84-4a40-b2c5-e21a375695e7,Carlos Espinoza,lisawilson@example.net,^2jZ(FjjIW,45,1887254.59,202459.83,Treatment wife goal follow seat.,"USNV Smith
FPO AE 61348",617-589-0496,2021-02-21
96076ca5-64e0-4bb7-9d7d-a567253ed97d,Amanda Santos,samantha31@example.org,^kL(qMPoG6,54,1835309.31,373751.88,Explain toward energy live church.,"7118 Booker Viaduct
Fergusonfort, AZ 08667",(477)281-6586x770,2021-08-23
a32af935-612d-4cee-8f4b-7b24594cea6f,Sharon Williams,smithjason@example.com,jqyk77GfZ&,24,1824623.48,306478.34,Development behavior part fast pay.,"PSC 7589, Box 8004
APO AP 81774",(221)346-2156,2022-09-27
28eeb762-9a2e-4bb1-839e-f07c677f149d,David Palmer,ortizrandy@example.net,#A0TQakE&Q,61,2656168.07,675738.75,Agreement theory statement defense far student.,"8976 Scott Orchard
Ericton, OH 34799",966.841.6124,2023-10-05
29daf059-d1a8-4f3f-affe-8f9cb79beb42,Kimberly Moody,gutierrezkathryn@example.com,3_5Ca!Jad(,48,2480380.84,461419.85,Suggest property deep suffer live mouth why.,"082 Baldwin Falls
Bettyborough, GU 67707",+1-726-952-3639x978,2020-09-18
15ad9666-606f-454d-b1f7-7ef20cd51226,Shelby Bird,qlee@example.org,)n!)5QJy(x,56,2794352.88,659690.62,Office experience hand agreement PM.,"0821 George Coves
Huangland, CA 58933",+1-891-366-1849x2593,2020-12-18
c4151111-5462-4890-99c4-d1632d7b9ecd,Aaron Stewart,nrobinson@example.org,BFnL2O9o%x,69,940207.21,114117.28,Room hit week business purpose mind someone.,"840 Bender Glens
Martinezland, DE 33954",355.442.3828x65135,2021-05-10
a03c85b9-2084-42b0-91fb-5c90328ec95a,Lori Waters,mbrown@example.net,M(S7Tat#BA,62,1292813.91,377888.34,Fund issue ask water toward.,"536 Jones Road Apt. 269
Phelpsmouth, GA 06589",374-980-3693,2021-09-22
bd11ca6f-9c40-4370-b845-db3d425caa9d,Barbara Evans,melissasmith@example.com,E&n2R9pQCS,31,1204369.05,184595.71,Ground walk executive could with rise.,"15497 Debra Locks Apt. 390
Amandachester, OH 89287",+1-561-683-1209,2021-03-11
b22f4bd3-2788-4794-b56a-54eb4a760b6c,David Wright,samuel52@example.net,HUP+$0FbRx,37,2047513.22,527233.53,Risk specific drop financial large race move.,"Unit 6615 Box 5748
DPO AE 72062",423.909.6282x180,2021-07-13
e77640a4-b618-4e76-984b-3a94514a7996,Brandon Boyle,matthew52@example.com,_vTdl1#L%1,69,352679.7,103638.76,Process prevent service them among heavy especially list.,"9263 Latasha Parks Suite 322
West Sandra, KY 49464",(470)754-2471x9565,2020-09-27
7f34979a-e6ac-48d4-9fe2-388b82f0d8b0,Robert Wilson,torreskeith@example.net,1y)%Ibsv*n,26,734181.02,78324.31,Week standard before.,"700 Stephen Turnpike
Heatherfurt, AL 80331",767.847.1493,2020-07-15
5365331c-8b69-4b4c-b34f-28e63bbc8290,James Mccullough,gregorygonzalez@example.org,FWcQrHeq(1,64,822114.6,113957.33,Candidate measure woman doctor cultural.,"Unit 9801 Box 0066
DPO AP 04725",309.695.9478x40198,2021-12-07
203dd7a9-6697-49be-92a4-72837e0d3dbd,Tracy Meadows,millerchristopher@example.net,%*Tzj5Zh8O,44,1754632.04,317161.66,Maintain health item.,"467 Keith Lake
Wallaceside, ME 98206",(972)444-4066x50223,2021-06-27
a12bcf55-8760-4094-9189-3f1245cbdf19,Justin Flowers,kmills@example.org,^1#4APdSgV,36,1303915.58,255417.41,To dream computer mention open.,"6490 Torres Road Suite 354
Ruthstad, ND 38585",+1-757-332-6539x68699,2021-11-25
49e30fd4-9e9a-41a1-8c83-b9024037dbf4,Joy Jones,timothymcdonald@example.org,#&Qs6XOqlA,33,250587.87,45469.66,Wide accept friend skill allow water.,"37260 Ryan Village
Kevinhaven, IN 23620",425.931.1179,2022-04-12
f00ecdfb-dbd8-42b6-882f-c39d2f6ff152,Shelly Black,tiffany97@example.org,T)K7HPC*Bf,42,1020474.58,107426.04,Improve half home attorney responsibility.,"004 Christopher Springs Apt. 361
Port Deborah, WV 42530",427.348.8312,2020-02-29
480d2687-6c2a-461a-b7f5-1a2b7b634cd1,Patricia Olson,dale86@example.org,jNy7rgGw$2,21,574338.44,154259.86,Week off suggest across sign expect truth.,"47493 Beth Falls
New Dustinbury, AZ 33363",268.499.5759x406,2020-07-24
72d16477-1264-43a4-8094-63fed2209da8,Sophia Padilla,masondarren@example.net,v@Z2RBgAQ8,60,2909001.64,502885.88,Grow husband main never treat.,"501 Samantha Brook
West Taylorland, MT 45735",(417)287-2417,2024-03-17
dd3a0f15-a111-4ccc-9f20-30e6cd945798,Michelle Hahn,ygonzalez@example.net,P10B2zll+G,49,1057267.02,143414.81,Best window fine decade girl community night.,"165 Butler Village
Stevenhaven, MH 18375",001-566-316-4313,2020-04-12
8724e53a-076d-4c3e-848c-8eff1e45c793,Colleen Anderson DDS,vvaldez@example.com,S@9WH&Gn!@,26,2706822.26,401472.26,Herself have without ready.,"USS Camacho
FPO AA 84302",+1-837-548-4053x54768,2020-12-12
1a6f51bc-6b42-4398-8068-4db45e78c3cb,Cody Hamilton,meltonleah@example.com,xE5^LDdrQ$,25,2935533.81,769497.21,Well most those ten total dream.,"7771 Joan Stream
South Nancystad, MA 93052",246-690-3095x49315,2023-07-28
11a13478-bbf0-4a5e-bbbb-43eb633261e7,Debbie Ryan,chad48@example.org,f12LtAp+$A,52,552352.54,57981.67,Analysis what away member record before serious.,"1240 Rowland Avenue
South William, WA 78345",5299355143,2021-04-10
76b71b42-4424-4ad4-850d-de99264c83f7,James Kane,wadetimothy@example.org,xA9GmA@Vj$,33,609965.68,129159.01,Room international tree.,"07280 Joel Street Apt. 934
Kristenfort, GA 38762",+1-313-329-0074x82290,2022-04-20
1e7ace51-82bf-4c27-a221-1a3e1ab1e692,David Rodriguez,csanchez@example.com,(6He0Ccm8i,67,2619545.34,362800.2,Hard involve data usually single write western nature.,"37789 Ashley Path Apt. 568
Lake John, NE 56130",(792)608-9345x3479,2023-02-16
23c50e7d-9b8a-4465-ba01-9a9430d32b97,Julie Shelton,isaacchandler@example.com,n_41gwUpl!,61,2521785.93,524897.97,Early anyone late system.,"639 Norton Curve
North Daniel, NE 15181",741.244.8766x111,2024-01-02
b7f9baf0-2f1a-41ba-80c3-6463669b5e38,Jennifer Gomez,gthomas@example.net,$1aRoyAQTb,28,1610240.43,323718.15,Good event between newspaper our against.,"PSC 7980, Box 7728
APO AP 06291",3557048558,2021-12-20
b899fc6d-0048-46a5-b696-d6b43f246128,Seth Jimenez,mooredeanna@example.com,*1yJUal!*b,68,336578.15,79132.89,Often according change hotel within more left reach.,"43889 Molly Plains
Lake Jennifer, RI 78538",+1-383-772-6273x06888,2023-04-10
7bdf5b0c-802c-4fa3-99ea-2aeda74a35f8,Kelly Baker,snyderkatelyn@example.net,G!0LzRC2Lv,66,643154.18,114838.52,Total man state expert.,"943 Todd Ford
Lisamouth, GU 37056",(411)493-6120,2020-04-19
f6fa7015-6656-4850-9963-a2df04baeafc,Todd Morrison,henrybrett@example.org,5nRBIcK&(F,68,1552692.31,230625.23,Customer fact if call year.,"02192 Martinez Harbors
Youngchester, OH 38593",(358)865-2936x091,2022-09-12
2f267f56-10c4-4098-9bdf-1f79937e51ee,Derek Roberts,sarah09@example.net,i+7I(jGAuA,50,1513608.74,383677.57,Enjoy total game visit.,"599 Neal Lights Apt. 455
Andreahaven, CA 98028",747-415-6673x7730,2023-11-20
ea00a088-3782-4d9e-a64a-6eb11f69efb3,Nancy Cooper,zimmermanbrian@example.com,8)t7ilIj$O,50,2209804.25,570599.47,Low recently nice feeling.,"2158 Timothy Rest
Walkerfurt, MT 84613",210.373.9802x15187,2022-06-12
75f14141-eb66-40a0-89f3-739c1d3fc0b7,Angela Berry,lauren67@example.org,OyrQ)ulB+5,67,1101526.8,234207.05,Her skin likely near.,"PSC 8298, Box 6217
APO AA 35689",6755138621,2023-09-16
8f2aa154-4c0c-4b81-925f-1b4b1f06dc64,Stephanie Phillips,alyssapeterson@example.net,Y3(AT_z5%T,64,1310079.69,343541.72,Final painting spring live who production customer.,"69073 Thomas Branch
Lake Robin, MD 77267",326.736.5807x1673,2021-12-13
27553bb1-3c26-4253-be01-74786b43ef62,April Wilson DDS,floresjames@example.net,FGuFzeKd(7,47,2672303.41,562740.24,Main American hard several inside including one.,"0913 Hernandez Stream
New Traceystad, AR 13341",001-787-637-3497x147,2021-12-30
78cb86d9-0a96-4d4d-8365-8a90e3ba370b,Scott Wright,ortizdavid@example.net,!3X7d79jQO,18,2503526.13,540586.33,Learn time wrong grow dream anything.,"15839 Erin Prairie
South Beckymouth, NY 74976",679-912-1967,2021-10-03
a06f6980-0dbb-4ebd-ba80-8c13e63ccbfe,Amber Watts,taylorkimberly@example.net,@I*j0IuspP,55,2040432.43,438882.98,Become behind local attack would at involve usually.,"438 Troy Knoll Apt. 723
North John, WY 38930",+1-347-345-7398x783,2022-10-31
0da05808-ead6-4ef5-8f8b-f10177226249,Rodney Brewer,lawrencerebecca@example.org,Rm7OJmo1@M,29,1682291.33,288576.98,Yeah factor size performance federal.,"812 Ernest Estates
East Melissaberg, CA 53894",+1-861-659-8068x6733,2021-10-05
cc3b5487-bd5b-45a1-8295-f107b8477160,George Long,ajohnson@example.net,@%2L+9zo(U,28,1339382.75,205107.29,Thousand probably political standard.,"39456 Jeremy Turnpike Suite 153
East Andrewport, NE 45733",432-217-8330,2023-05-18
540b8857-033d-4891-aed4-4bb01e8e7f1a,Jennifer Snyder,mhurley@example.org,^756iU_j+R,34,1297303.91,195778.77,Explain situation hair manage yourself nice its.,"007 Greene Views Suite 951
Lake Gregory, NJ 52710",(260)790-2090x09772,2023-11-05
7e9b5614-56ff-4080-aba8-b45504f48ef8,Haley Foster,whudson@example.net,)(7JYxqa5t,28,901685.07,165795.95,Measure information past fight.,"7383 Fletcher Squares
North William, KS 51468",944-506-1599,2023-11-27
e08aa982-7c30-4479-968a-3dfd2f11c62d,Christopher Ward,steveningram@example.net,h2_XgI9Y^C,35,2525116.0,482852.08,Economy when least your eight loss.,"4759 Marie Spur Suite 719
Lake Janiceville, DE 79614",326-930-0114x6545,2022-04-06
4821d82c-13b9-4dfd-9863-65a8cc737c46,Preston Oliver,saracrawford@example.com,ysCIu3TP(1,25,2242578.91,348270.36,High action morning scene body.,"366 Page Stravenue
New Jeffreyfort, HI 92970",718-835-1873x2260,2021-08-03
63a0774a-3a59-40e6-96b2-0c1a3c75ab7e,Amy Hoover,michellerodriguez@example.net,kppE5dMj$a,59,2092046.18,224247.74,Factor spend bar word.,"756 Randy Haven
South Maryhaven, MA 43452",516.955.7690x240,2020-09-17
b210b8fe-ed7a-44d5-a6d2-9c7435df5e0d,Keith Carter,colemankelly@example.org,+4CgecA%nA,53,1887903.65,510899.33,Stock second hope style score down physical.,"68312 Lindsey Skyway
Spencerstad, WI 53512",(996)328-4671,2021-10-14
88dc95ea-52e0-402b-839b-e5da5c0579cd,John Hernandez,stevepollard@example.com,5ZM+)J)s%5,48,1890190.88,466635.56,Office agree decision sometimes administration usually six people.,"1758 Murray Stravenue
Francisland, FL 51418",671-338-1351,2023-06-26
8a1e3248-c543-443a-bf35-3c176eca895b,Rhonda Garcia,adamsangela@example.net,g3g&0MtP(V,29,2334816.81,554563.76,Road ask air property best live anyone.,"364 Dan Course Suite 998
West Chelseafort, MS 47555",(255)295-5934,2020-04-26
98365a56-0a8a-457e-9734-ae934fd05d45,Jeffrey Collins,zmathews@example.org,!3j3NC8%(g,27,862437.33,105474.19,Practice live Republican within find central.,"Unit 4676 Box 1921
DPO AE 95580",898.909.8618x687,2023-10-15
93f18b1f-5949-4ac0-af8b-6a52ea213a6f,Alicia Carroll,davidwilliams@example.net,i3$a7Q@jrt,25,941057.88,242078.82,Break outside decide onto road measure either they.,"03829 Angela Causeway
New Edward, KS 88713",9887450158,2020-08-14
ba6d16cc-d756-4c64-97a7-16ccf071e549,Stephanie Singleton,denise59@example.net,l5DuEldr&g,37,334446.78,69301.87,Process firm interview theory evidence enter down.,"1614 Jennifer Springs
Lake Alexfort, VI 74900",+1-622-848-8020x9180,2022-03-11
dca66158-631d-4e43-8356-f43685b6fcba,Kimberly Morales,jacobruiz@example.com,*vzJmJKp5E,56,2146278.3,229752.73,Issue first contain significant second.,"97995 Alexander Mall Apt. 666
Catherinefort, OR 39181",854.533.2038x06704,2023-12-22
d9d10380-6742-40a3-bfab-65956be76780,Regina Clark,erica50@example.net,s7RiJgBk(p,42,2248951.41,390699.37,Follow people than believe.,"53936 Andrew Ways
Robertfort, VA 72394",441.694.3463,2021-08-25
8d4be65e-3106-4c8e-9aa9-a1a7a82b1284,Matthew Blanchard,brianamendoza@example.org,R%F7Tv2geN,67,2351937.32,390553.01,Should officer act doctor behind.,"4422 Melton Shores
Kingfort, KY 14717",+1-808-623-4468x5583,2021-07-14
91616899-f0ed-414e-84f1-59942ebef6d0,Benjamin Wood,kathyjones@example.com,S)Pe%5Fekl,52,1567211.73,190265.3,Middle sure company drop person.,"639 Douglas Underpass
East Stephenfurt, AZ 81579",+1-697-662-6005,2020-01-05
843548a6-63f3-4022-8271-0671b296415c,Charles Green,warnerdaniel@example.net,LgU6E)hp&0,64,1719955.41,275340.83,Fill cover also physical.,"8122 Todd Run
Markbury, NC 67077",001-441-200-7804x2462,2022-07-12
d59114f7-9ad1-4b80-a914-28ae95815284,Courtney Liu,vholmes@example.com,5D)6S+3uqH,48,2121760.43,409020.78,Whom alone north sure fast.,"974 Joshua Road Suite 475
East Bryanstad, WY 78825",+1-330-434-5234x994,2022-12-07
ed62169b-fb43-42dd-8fc3-40106d2d6fe9,James Butler,shill@example.org,%5QcfMOn2*,39,2051774.94,379843.14,View fast case activity.,"0481 Justin Shoal
Brownberg, NE 08917",2599905378,2020-12-24
af4b6e4d-1a08-430d-ab77-2480f410db51,Richard Mckinney,zacharygomez@example.org,O(T$dgnT%3,65,2802214.42,600778.34,Organization degree network whose real local respond.,"2043 Deborah Walk Suite 458
Dennisbury, NJ 47480",333-475-3059,2023-12-10
10a14208-d970-48a5-922b-9e4cc751ff13,Rachael Fisher,david07@example.org,J)7lF6uK&p,56,2180841.22,409526.46,Through fall group crime.,"978 Patrick Greens
Simsland, AL 32940",9633556622,2020-11-06
25b4e417-63fc-4ed9-9813-71bfbbd3e83b,Patrick Bautista,omaldonado@example.org,$Z^P4RCx4Y,51,2664998.64,463930.23,Member long fast your.,"09992 Conner Dam
Torrestown, CA 34509",001-315-429-6336x51546,2020-03-31
